
USE BioCoop_JonathasAzer
GO

/***********************************************
Insert Tabela Cooperativa
***********************************************/


INSERT INTO Cooperativa (Nome, Email, Nif, Telefone, CoordWhat3) VALUES 

('Koelpin and Doyle Lda', 'tkyneton0@alibaba.com', '301236901090', '253000100', '47300'),
('Johns Coop', 'hdelahay1@weibo.com', '880321814679', '253000200', '48400'),
('Kassulke Inc', 'ajohanning2@netvibes.com', '354526842256', '253000300', '49500'),
('Koch and Kuphal Lda', 'aplet3@issuu.com', '364723320944', '253000400', '44100');


GO

--SELECT * FROM Cooperativa

--SELECT Codigo, CoordWhat3 FROM Cooperativa




/***********************************************
Insert Tabela Plano
***********************************************/


INSERT INTO Plano (Nome, Descricao, Preco, Ativo) VALUES 

('Opc 1', 'Sed ante. Vivamus tortor. Duis mattis egestas metus.', '62.27', 'Sim'),
('Opc 2', 'Fusce congue, diam id ornare imperdiet, sapien urna pretium nisl, pretium iaculis justo.', '160.14', 'Sim'),
('Opc 3', 'Maecenas ut massa quis augue luctus tincidunt augue quam, sollicitudin vitae, consectetuer eget, rutrum at, lorem.', '98.29', 'Não'),
('Opc 4', 'Lorem ipsum dolor sit amet, consectetuer adipiscing elit. Vestibulum ante ipsum primis urabitur convallis.', '181.96', 'Sim'),
('Opc 5', 'Nulla ut erat id mauris vulputate elementum. Nullam varius. Nulla facilisi.', '91.61', 'Não'),
('Opc 6', 'In congue. Etiam justo. Etiam pretium iaculis justo. In hac habitasse faucibus cursus urna. Ut tellus.', '119.97', 'Não');

GO

--SELECT * FROM Plano



/***********************************************
Insert Tabela Cliente
***********************************************/


INSERT INTO Cliente (Nome, Apelido, Email, Sexo, Nif, CoordWhat3, CodigoCooperativa) VALUES 

('Magdalena', 'Cultcheth', 'mcultcheth0@oaic.gov.au', 'F', '86-195-8295', '47300', 1),
('Fannie', 'Linnock', 'flinnock1@mashable.com', 'F', '76-060-8899', '48400', 2),
('Mureil', 'Purple', 'mpurple2@arstechnica.com', 'F', '23-539-7269', '49500', 3),
('Teodor', 'Mayo', 'tmayo3@engadget.com', 'M', '25-924-3666', '44100', 4),
('Antin', 'Meineking', 'ameineking4@hostgator.com', 'M', '62-025-9805', '47300', 1),
('Rey', 'MacKibbon', 'rmackibbon5@youku.com', 'F', '05-034-8318', '48400', 2),
('Kalinda', 'Ingree', 'kingree6@cbc.ca', 'F', '30-184-9252', '49500', 3),
('Marlowe', 'Evitts', 'mevitts7@loc.gov', 'M', '88-914-1223', '44100', 4),
('Felisha', 'Meighan', 'fmeighan8@macromedia.com', 'F', '34-124-1739', '47300', 1),
('Myrta', 'Wild', 'mwild9@examiner.com', 'F', '05-536-1938', '48400', 2),
('Verena', 'Luney', 'vluneya@csmonitor.com', 'F', '41-387-7271', '47300', 1),
('Cahra', 'McGrann', 'cmcgrannb@com.com', 'F', '82-708-1340', '48400', 2),
('Vincents', 'Leighfield', 'vleighfieldc@uiuc.edu', 'M', '12-186-1658', '49500', 3),
('Salomone', 'Fost', 'sfostd@tumblr.com', 'M', '93-247-2996', '44100', 4),
('Garold', 'Hayward', 'ghaywarde@fda.gov', 'M', '37-048-5299', '47300', 1),
('Lyndell', 'Sandercroft', 'lsandercroftf@guardian.co.uk', 'F', '71-013-8874', '48400', 2),
('Matilda', 'Dupoy', 'mdupoyg@ebay.com', 'F', '03-538-5825', '49500', 3),
('Haven', 'Langelaan', 'hlangelaanh@geocities.com', 'M', '21-360-5051', '44100', 4),
('Dulcia', 'Pistol', 'dpistoli@rediff.com', 'F', '49-453-9480', '44100', 4),
('Titos', 'Conor', 'tconorj@uiuc.edu', 'M', '10-091-0507', '44100', 4);


GO

--SELECT * FROM Cliente




/***********************************************
Insert Tabela Associado
***********************************************/


INSERT INTO Associado (Nome, Nif, Telefone, CodigoCooperativa) VALUES 

('Trescha', '66-641-8628', '(269) 3082331', 1),
('Elladine', '94-179-6276', '(584) 5077399', 2),
('Derk', '45-733-8642', '(665) 3175854', 3),
('Ninetta', '69-561-8187', '(638) 3501641', 4),
('Wallas', '67-141-3267', '(877) 9291230', 1),
('Ibrahim', '65-756-4687', '(708) 1264291', 2),
('Lethia', '87-931-5127', '(102) 5639448', 3),
('Torry', '10-053-3640', '(909) 9139779', 4),
('Briney', '47-553-1084', '(373) 9668418', 1);


GO

--SELECT * FROM Associado




/***********************************************
Insert Tabela Categoria
***********************************************/

INSERT INTO Categoria (Nome, CodigoCooperativa) VALUES 

('Carne', 1), 
('Bovino', 1),
('Suino', 1),
('Ave', 2),
('Peixe', 2),
('Fruta', 3),
('Fruto Seco', 3),
('Legume', 4),
('Cereal', 3),
('Verdura', 4),
('Artesanal', 2),
('Laticinio', 2),
('Bebida', 1),
('Panificação', 1),
('Outros', 3);

GO

--SELECT * FROM Categoria



/***********************************************
Insert Tabela Produto
***********************************************/


INSERT INTO Produto (Nome, Unidade, PrecoAtual, IdCategoria, CodigoCooperativa) VALUES 

('Hamburguer', 'kg', '4.80', 1, 1),
('Almondega', 'kg', '2.40', 1, 1),
('Rocambole', 'kg', '3.80', 1, 1),
('Picanha', 'kg', '9.80', 2, 1),
('Alcatra', 'kg', '6.50', 2, 1),
('Costela', 'kg', '6.00', 3, 1),
('Lombo', 'kg', '6.90', 3, 1),
('Frango', 'kg', '7.00', 4, 2),
('Peru', 'kg', '7.80', 4, 2),
('Pescado', 'kg', '8.50', 5, 2),
('Camarão', 'kg', '10.20', 5, 2),
('Lagosta', 'kg', '13.50', 5, 2),
('Banana', 'kg', '0.99', 6, 3),
('Laranja', 'kg', '2.20', 6, 3),
('Maça', 'kg', '3.45', 6, 3),
('Pera', 'kg', '2.95', 6, 3),
('Pessego', 'kg', '3.87', 6, 3),
('Melancia', 'kg', '1.99', 6, 3),
('Melão', 'kg', '3.89', 6, 3),
('Manga', 'kg', '4.68', 6, 3),
('Passa', 'kg', '3.99', 7, 3),
('Ameixa', 'kg', '2.78', 7, 3),
('Damasco', 'kg', '5.89', 7, 3),
('Castanha', 'kg', '6.82', 7, 3),
('Noz', 'kg', '4.85', 7, 3),
('Figo', 'kg', '3.99', 7, 3),
('Cenoura', 'kg', '2.85', 8, 4),
('Batata Doce', 'kg', '2.99', 8, 4),
('Tomate', 'kg', '1.98', 8, 4),
('Batata', 'kg', '1.67', 8, 4),
('Chuchu', 'kg', '1.89', 8, 4),
('Beterraba', 'kg', '2.27', 8, 4),
('Abobora', 'kg', '1.60', 8, 4),
('Cebola', 'kg', '0.98', 8, 4),
('Arroz', 'kg', '2.25', 9, 3),
('Feijão', 'kg', '1.89', 9, 3),
('Lentilha', 'kg', '0.99', 9, 3),
('Ervilha', 'kg', '1.97', 9, 3),
('Milho', 'kg', '2.12', 9, 3),
('Cevada', 'kg', '1.27', 9, 3),
('Alface', 'un', '1.89', 10, 4),
('Couve', 'un', '0.99', 10, 4),
('Repolho', 'un', '1.28', 10, 4),
('Espinafre', 'un', '0.67', 10, 4),
('Brocolo', 'un', '2.09', 10, 4),
('Bertalha', 'un', '1.98', 10, 4),
('Acelga', 'un', '0.88', 10, 4),
('Toalha', 'un', '3.99', 11, 2),
('Bolsa', 'un', '12.50', 11, 2),
('Pano', 'un', '0.99', 11, 2),
('Tapete', 'un', '10.90', 11, 2),
('Cordão', 'un', '5.80', 11, 2),
('Queijo', 'kg', '7.20', 12, 2),
('Presunto', 'kg', '8.80', 12, 2),
('Salame', 'kg', '11.55', 12, 2),
('Chouriço', 'kg', '5.25', 12, 2),
('Vinho', 'l', '2.89', 13, 1),
('Leite', 'l', '0.65', 13, 1),
('Bagaceira', 'l', '2.68', 13, 1),
('Água', 'l', '0.25', 13, 1),
('Pão', 'un', '0.11', 14, 1),
('Rosca', 'un', '1.28', 14, 1),
('Broa', 'un', '0.98', 14, 1),
('Biscoito', 'kg', '1.10', 14, 1),
('Azeite', 'l', '4.59', 15, 3),
('Mel', 'l', '6.89', 15, 3);

GO


--SELECT * FROM Produto



/***********************************************
Insert Tabela Cabaz
***********************************************/

INSERT INTO Cabaz (Data, PrecoTotal, CodigoPlano, IdAssociado, IdCliente) VALUES 

('2021-12-01', '62.27', '1', '1', '1'),
('2021-12-05', '160.14', '2', '2', '2'),
('2021-12-06', '181.96', '4', '3', '3'),
('2021-12-08', '62.27', '1', '4', '4'),
('2022-01-01', '62.27', '1', '1', '1'),
('2022-01-05', '160.14', '2', '2', '2'),
('2022-01-06', '181.96', '4', '3', '3'),
('2022-01-08', '62.27', '1', '4', '4'),
('2022-01-09', '160.14', '2', '5', '5'),
('2022-02-13', '181.96', '4', '6', '6'),
('2022-02-13', '62.27', '1', '7', '7'),
('2022-02-16', '160.14', '2', '8', '8'),
('2022-02-18', '181.96', '4', '9', '9'),
('2022-02-20', '62.27', '1', '1', '10'),
('2022-02-22', '160.14', '2', '2', '11'),
('2022-02-03', '181.96', '4', '3', '12'),
('2022-02-04', '62.27', '1', '4', '13'),
('2022-03-09', '160.14', '2', '5', '14'),
('2022-03-10', '181.96', '4', '6', '15'),
('2022-03-18', '62.27', '1', '7', '16'),
('2022-03-19', '160.14', '2', '8', '17'),
('2022-03-22', '181.96', '4', '9', '18'),
('2022-04-01', '62.27', '1', '1', '19'),
('2022-04-05', '160.14', '2', '2', '20'),
('2022-05-01', '62.27', '1', '1', '1'),
('2022-05-05', '160.14', '2', '2', '2'),
('2022-05-06', '181.96', '4', '3', '3'),
('2022-05-08', '62.27', '1', '4', '4'),
('2022-05-09', '160.14', '2', '5', '5'),
('2022-05-13', '181.96', '4', '6', '6'),
('2022-05-13', '62.27', '1', '7', '7'),
('2022-05-16', '160.14', '2', '8', '8'),
('2022-05-18', '181.96', '4', '9', '9'),
('2022-05-20', '62.27', '1', '1', '10'),
('2022-05-22', '160.14', '2', '2', '11'),
('2022-06-03', '181.96', '4', '3', '12'),
('2022-06-04', '62.27', '1', '4', '13'),
('2022-07-09', '160.14', '2', '5', '14'),
('2022-07-10', '181.96', '4', '6', '15'),
('2022-07-18', '62.27', '1', '7', '16'),
('2022-07-19', '160.14', '2', '8', '17'),
('2022-07-22', '181.96', '4', '9', '18'),
('2022-08-01', '62.27', '1', '1', '19'),
('2022-08-05', '160.14', '2', '2', '20');

GO

--SELECT * FROM Cabaz



/***********************************************
Insert Tabela HistoricoPreco
***********************************************/

INSERT INTO HistoricoPreco (Preco, DataInicio, DataFim, IdProduto) VALUES 

--Cadastrados entre 01/01 à 31/01/2022 ** 05/02 à 28/02/2022

('3.80', '2022-01-13', '2022-02-11', 1),
('1.40', '2022-01-29', '2022-02-08', 2),
('2.80', '2022-01-22', '2022-02-17', 3),
('8.80', '2022-01-02', '2022-02-09', 4),
('5.50', '2022-01-04', '2022-02-23', 5),
('4.00', '2022-01-19', '2022-02-19', 6),
('4.90', '2022-01-04', '2022-02-11', 7),
('5.00', '2022-01-02', '2022-02-18', 8),
('5.80', '2022-01-02', '2022-02-27', 9),
('6.50', '2022-01-27', '2022-02-17', 10),
('8.22', '2022-01-13', '2022-02-06', 11),
('10.5', '2022-01-02', '2022-02-17', 12),
('0.59', '2022-01-02', '2022-02-08', 13),
('1.20', '2022-01-19', '2022-02-11', 14),
('2.45', '2022-01-02', '2022-02-20', 15),
('1.95', '2022-01-06', '2022-02-14', 16),
('1.87', '2022-01-11', '2022-02-25', 17),
('0.99', '2022-01-17', '2022-02-14', 18),
('1.89', '2022-01-11', '2022-02-18', 19),
('2.68', '2022-01-01', '2022-02-23', 20),
('1.99', '2022-01-16', '2022-02-13', 21),
('1.78', '2022-01-08', '2022-02-09', 22),
('3.89', '2022-01-16', '2022-02-15', 23),
('4.82', '2022-01-06', '2022-02-19', 24),
('2.85', '2022-01-29', '2022-02-12', 25),
('1.99', '2022-01-13', '2022-02-24', 26),
('1.85', '2022-01-25', '2022-02-20', 27),
('1.99', '2022-01-13', '2022-02-26', 28),
('0.98', '2022-01-30', '2022-02-19', 29),
('0.67', '2022-01-23', '2022-02-19', 30),
('0.89', '2022-01-10', '2022-02-07', 31),
('1.27', '2022-01-24', '2022-02-08', 32),
('0.60', '2022-01-08', '2022-02-23', 33),
('0.48', '2022-01-07', '2022-02-18', 34),
('1.25', '2022-01-25', '2022-02-14', 35),
('0.89', '2022-01-28', '2022-02-07', 36),
('0.49', '2022-01-24', '2022-02-13', 37),
('0.97', '2022-01-24', '2022-02-23', 38),
('1.12', '2022-01-21', '2022-02-08', 39),
('0.57', '2022-01-19', '2022-02-13', 40),
('0.89', '2022-01-29', '2022-02-14', 41),
('0.49', '2022-01-29', '2022-02-26', 42),
('0.58', '2022-01-23', '2022-02-27', 43),
('0.27', '2022-01-26', '2022-02-18', 44),
('1.09', '2022-01-21', '2022-02-17', 45),
('0.98', '2022-01-04', '2022-02-16', 46),
('0.38', '2022-01-16', '2022-02-15', 47),
('1.99', '2022-01-10', '2022-02-15', 48),
('9.52', '2022-01-04', '2022-02-07', 49),
('0.49', '2022-01-14', '2022-02-07', 50),
('8.91', '2022-01-22', '2022-02-11', 51),
('3.80', '2022-01-14', '2022-02-17', 52),
('5.20', '2022-01-04', '2022-02-07', 53),
('6.80', '2022-01-21', '2022-02-16', 54),
('8.52', '2022-01-10', '2022-02-22', 55),
('3.25', '2022-01-11', '2022-02-15', 56),
('1.89', '2022-01-25', '2022-02-18', 57),
('0.45', '2022-01-24', '2022-02-25', 58),
('1.68', '2022-01-10', '2022-02-26', 59),
('0.15', '2022-01-24', '2022-02-17', 60),
('0.05', '2022-01-30', '2022-02-18', 61),
('0.38', '2022-01-24', '2022-02-10', 62),
('0.38', '2022-01-25', '2022-02-10', 63),
('1.50', '2022-01-27', '2022-02-18', 64),
('2.59', '2022-01-29', '2022-02-06', 65),
('0.49', '2022-01-16', '2022-02-05', 66),

--Cadastrados entre 01/03 à 31/03/2022 ** 01/04 à 30/04/2022

('4.10', '2022-03-03', '2022-04-06', 1),
('2.00', '2022-03-08', '2022-04-18', 2),
('3.00', '2022-03-11', '2022-04-01', 3),
('8.20', '2022-03-18', '2022-04-25', 4),
('5.10', '2022-03-16', '2022-04-02', 5),
('5.20', '2022-03-16', '2022-04-23', 6),
('5.50', '2022-03-17', '2022-04-01', 7),
('6.10', '2022-03-28', '2022-04-05', 8),
('6.80', '2022-03-12', '2022-04-24', 9),
('7.50', '2022-03-27', '2022-04-10', 10),
('9.25', '2022-03-29', '2022-04-04', 11),
('11.1', '2022-03-30', '2022-04-29', 12),
('0.79', '2022-03-22', '2022-04-28', 13),
('1.60', '2022-03-24', '2022-04-29', 14),
('2.65', '2022-03-25', '2022-04-24', 15),
('2.05', '2022-03-28', '2022-04-21', 16),
('3.07', '2022-03-03', '2022-04-29', 17),
('1.09', '2022-03-23', '2022-04-08', 18),
('3.09', '2022-03-22', '2022-04-14', 19),
('3.88', '2022-03-01', '2022-04-09', 20),
('3.09', '2022-03-07', '2022-04-09', 21),
('2.08', '2022-03-19', '2022-04-03', 22),
('5.09', '2022-03-12', '2022-04-26', 23),
('6.02', '2022-03-15', '2022-04-06', 24),
('4.05', '2022-03-12', '2022-04-08', 25),
('3.00', '2022-03-21', '2022-04-02', 26),
('2.05', '2022-03-06', '2022-04-22', 27),
('2.09', '2022-03-12', '2022-04-09', 28),
('1.08', '2022-03-15', '2022-04-28', 29),
('1.07', '2022-03-24', '2022-04-22', 30),
('1.09', '2022-03-05', '2022-04-15', 31),
('1.87', '2022-03-18', '2022-04-09', 32),
('1.10', '2022-03-10', '2022-04-27', 33),
('0.78', '2022-03-05', '2022-04-26', 34),
('2.05', '2022-03-20', '2022-04-23', 35),
('1.19', '2022-03-25', '2022-04-11', 36),
('0.79', '2022-03-13', '2022-04-03', 37),
('1.37', '2022-03-14', '2022-04-26', 38),
('1.62', '2022-03-19', '2022-04-12', 39),
('0.99', '2022-03-05', '2022-04-15', 40),
('1.19', '2022-03-09', '2022-04-26', 41),
('0.79', '2022-03-29', '2022-04-17', 42),
('0.98', '2022-03-30', '2022-04-04', 43),
('0.57', '2022-03-25', '2022-04-06', 44),
('1.79', '2022-03-28', '2022-04-20', 45),
('1.28', '2022-03-28', '2022-04-18', 46),
('0.68', '2022-03-18', '2022-04-03', 47),
('3.99', '2022-03-12', '2022-04-28', 48),
('11.5', '2022-03-07', '2022-04-14', 49),
('0.89', '2022-03-05', '2022-04-08', 50),
('9.99', '2022-03-24', '2022-04-12', 51),
('4.89', '2022-03-01', '2022-04-14', 52),
('6.20', '2022-03-27', '2022-04-03', 53),
('7.80', '2022-03-05', '2022-04-23', 54),
('10.5', '2022-03-06', '2022-04-29', 55),
('4.55', '2022-03-27', '2022-04-11', 56),
('2.09', '2022-03-22', '2022-04-29', 57),
('0.55', '2022-03-15', '2022-04-02', 58),
('1.98', '2022-03-13', '2022-04-25', 59),
('0.20', '2022-03-13', '2022-04-16', 60),
('0.08', '2022-03-16', '2022-04-16', 61),
('1.08', '2022-03-24', '2022-04-16', 62),
('0.88', '2022-03-20', '2022-04-05', 63),
('1.00', '2022-03-03', '2022-04-23', 64),
('3.69', '2022-03-10', '2022-04-20', 65),
('0.79', '2022-03-17', '2022-04-10', 66);

GO


--SELECT * FROM HistoricoPreco



/***********************************************
Insert Tabela DetalheCabaz
***********************************************/

INSERT INTO DetalheCabaz (Qtd, Preco, PrecoUnit, IdCabaz, IdProduto) VALUES


-- Cabaz Id 1 - 62.27

('2', '15.60', '7.80', '1', '9'),
('5', '11.25', '2.25', '1', '35'),
('5', '9.45', '1.89', '1', '36'),
('5', '4.90', '0.98', '1', '34'),
('5', '8.35', '1.67', '1', '30'),
('2', '3.78', '1.89', '1', '41'),
('1', '2.85', '2.85', '1', '27'),
('1', '4.59', '4.59', '1', '65'),
('1', '0.99', '0.99', '1', '13'),
('2', '0.50', '0.25', '1', '60'),

-- Cabaz Id 2 - 160.14

('4', '31.20', '7.80', '2', '9'),
('2', '12.00', '6.00', '2', '6'),
('1', '8.50', '8.50', '2', '10'),
('10', '22.50', '2.25', '2', '35'),
('10', '18.90', '1.89', '2', '36'),
('10', '9.80', '0.98', '2', '34'),
('10', '16.70', '1.67', '2', '30'),
('4', '7.56', '1.89', '2', '41'),
('2', '5.70', '2.85', '2', '27'),
('2', '9.18', '4.59', '2', '65'),
('1', '7.20', '7.2', '2', '53'),
('2', '1.98', '0.99', '2', '13'),
('3', '0.33', '0.11', '2', '61'),
('10', '6.50', '0.65', '2', '58'),
('4', '1.00', '0.25', '2', '60'),
('1', '1.10', '1.10', '2', '64'),

-- Cabaz Id 3 - 181.96

('4', '31.20', '7.80', '3', '9'),
('2', '12.00', '6.00', '3', '6'),
('2', '17.00', '8.50', '3', '10'),
('10', '22.50', '2.25', '3', '35'),
('10', '18.90', '1.89', '3', '36'),
('10', '9.80', '0.98', '3', '34'),
('10', '16.70', '1.67', '3', '30'),
('4', '7.56', '1.89', '3', '41'),
('2', '5.70', '2.85', '3', '27'),
('2', '9.18', '4.59', '3', '65'),
('1', '7.20', '7.2', '3', '53'),
('2', '1.98', '0.99', '3', '13'),
('4', '0.44', '0.11', '3', '61'),
('11', '7.15', '0.65', '3', '58'),
('6', '1.50', '0.25', '3', '60'),
('1', '1.10', '1.10', '3', '64'),
('1', '6.82', '6.82', '3', '24'),
('1', '5.25', '5.25', '3', '56'),

-- Cabaz Id 4 - 62.27

('2', '15.60', '7.80', '4', '9'),
('5', '11.25', '2.25', '4', '35'),
('5', '9.45', '1.89', '4', '36'),
('5', '4.90', '0.98', '4', '34'),
('5', '8.35', '1.67', '4', '30'),
('2', '3.78', '1.89', '4', '41'),
('1', '2.85', '2.85', '4', '27'),
('1', '4.59', '4.59', '4', '65'),
('1', '0.99', '0.99', '4', '13'),
('2', '0.50', '0.25', '4', '60'),

-- Cabaz Id 5 - 160.14

('4', '31.20', '7.80', '5', '9'),
('2', '12.00', '6.00', '5', '6'),
('1', '8.50', '8.50', '5', '10'),
('10', '22.50', '2.25', '5', '35'),
('10', '18.90', '1.89', '5', '36'),
('10', '9.80', '0.98', '5', '34'),
('10', '16.70', '1.67', '5', '30'),
('4', '7.56', '1.89', '5', '41'),
('2', '5.70', '2.85', '5', '27'),
('2', '9.18', '4.59', '5', '65'),
('1', '7.20', '7.2', '5', '53'),
('2', '1.98', '0.99', '5', '13'),
('3', '0.33', '0.11', '5', '61'),
('10', '6.50', '0.65', '5', '58'),
('4', '1.00', '0.25', '5', '60'),
('1', '1.10', '1.10', '5', '64'),

-- Cabaz Id 6 - 181.96

('4', '31.20', '7.80', '6', '9'),
('2', '12.00', '6.00', '6', '6'),
('2', '17.00', '8.50', '6', '10'),
('10', '22.50', '2.25', '6', '35'),
('10', '18.90', '1.89', '6', '36'),
('10', '9.80', '0.98', '6', '34'),
('10', '16.70', '1.67', '6', '30'),
('4', '7.56', '1.89', '6', '41'),
('2', '5.70', '2.85', '6', '27'),
('2', '9.18', '4.59', '6', '65'),
('1', '7.20', '7.2', '6', '53'),
('2', '1.98', '0.99', '6', '13'),
('4', '0.44', '0.11', '6', '61'),
('11', '7.15', '0.65', '6', '58'),
('6', '1.50', '0.25', '6', '60'),
('1', '1.10', '1.10', '6', '64'),
('1', '6.82', '6.82', '6', '24'),
('1', '5.25', '5.25', '6', '56'),

-- Cabaz Id 7 - 62.27

('2', '15.60', '7.80', '7', '9'),
('5', '11.25', '2.25', '7', '35'),
('5', '9.45', '1.89', '7', '36'),
('5', '4.90', '0.98', '7', '34'),
('5', '8.35', '1.67', '7', '30'),
('2', '3.78', '1.89', '7', '41'),
('1', '2.85', '2.85', '7', '27'),
('1', '4.59', '4.59', '7', '65'),
('1', '0.99', '0.99', '7', '13'),
('2', '0.50', '0.25', '7', '60'),

-- Cabaz Id 8 - 160.14

('4', '31.20', '7.80', '8', '9'),
('2', '12.00', '6.00', '8', '6'),
('1', '8.50', '8.50', '8', '10'),
('10', '22.50', '2.25', '8', '35'),
('10', '18.90', '1.89', '8', '36'),
('10', '9.80', '0.98', '8', '34'),
('10', '16.70', '1.67', '8', '30'),
('4', '7.56', '1.89', '8', '41'),
('2', '5.70', '2.85', '8', '27'),
('2', '9.18', '4.59', '8', '65'),
('1', '7.20', '7.2', '8', '53'),
('2', '1.98', '0.99', '8', '13'),
('3', '0.33', '0.11', '8', '61'),
('10', '6.50', '0.65', '8', '58'),
('4', '1.00', '0.25', '8', '60'),
('1', '1.10', '1.10', '8', '64'),

-- Cabaz Id 9 - 181.96

('4', '31.20', '7.80', '9', '9'),
('2', '12.00', '6.00', '9', '6'),
('2', '17.00', '8.50', '9', '10'),
('10', '22.50', '2.25', '9', '35'),
('10', '18.90', '1.89', '9', '36'),
('10', '9.80', '0.98', '9', '34'),
('10', '16.70', '1.67', '9', '30'),
('4', '7.56', '1.89', '9', '41'),
('2', '5.70', '2.85', '9', '27'),
('2', '9.18', '4.59', '9', '65'),
('1', '7.20', '7.2', '9', '53'),
('2', '1.98', '0.99', '9', '13'),
('4', '0.44', '0.11', '9', '61'),
('11', '7.15', '0.65', '9', '58'),
('6', '1.50', '0.25', '9', '60'),
('1', '1.10', '1.10', '9', '64'),
('1', '6.82', '6.82', '9', '24'),
('1', '5.25', '5.25', '9', '56'),

-- Cabaz Id 10 - 62.27

('2', '15.60', '7.80', '10', '9'),
('5', '11.25', '2.25', '10', '35'),
('5', '9.45', '1.89', '10', '36'),
('5', '4.90', '0.98', '10', '34'),
('5', '8.35', '1.67', '10', '30'),
('2', '3.78', '1.89', '10', '41'),
('1', '2.85', '2.85', '10', '27'),
('1', '4.59', '4.59', '10', '65'),
('1', '0.99', '0.99', '10', '13'),
('2', '0.50', '0.25', '10', '60'),

-- Cabaz Id 11 - 160.14

('4', '31.20', '7.80', '11', '9'),
('2', '12.00', '6.00', '11', '6'),
('1', '8.50', '8.50', '11', '10'),
('10', '22.50', '2.25', '11', '35'),
('10', '18.90', '1.89', '11', '36'),
('10', '9.80', '0.98', '11', '34'),
('10', '16.70', '1.67', '11', '30'),
('4', '7.56', '1.89', '11', '41'),
('2', '5.70', '2.85', '11', '27'),
('2', '9.18', '4.59', '11', '65'),
('1', '7.20', '7.2', '11', '53'),
('2', '1.98', '0.99', '11', '13'),
('3', '0.33', '0.11', '11', '61'),
('10', '6.50', '0.65', '11', '58'),
('4', '1.00', '0.25', '11', '60'),
('1', '1.10', '1.10', '11', '64'),

-- Cabaz Id 12 - 181.96

('4', '31.20', '7.80', '12', '9'),
('2', '12.00', '6.00', '12', '6'),
('2', '17.00', '8.50', '12', '10'),
('10', '22.50', '2.25', '12', '35'),
('10', '18.90', '1.89', '12', '36'),
('10', '9.80', '0.98', '12', '34'),
('10', '16.70', '1.67', '12', '30'),
('4', '7.56', '1.89', '12', '41'),
('2', '5.70', '2.85', '12', '27'),
('2', '9.18', '4.59', '12', '65'),
('1', '7.20', '7.2', '12', '53'),
('2', '1.98', '0.99', '12', '13'),
('4', '0.44', '0.11', '12', '61'),
('11', '7.15', '0.65', '12', '58'),
('6', '1.50', '0.25', '12', '60'),
('1', '1.10', '1.10', '12', '64'),
('1', '6.82', '6.82', '12', '24'),
('1', '5.25', '5.25', '12', '56'),

-- Cabaz Id 13 - 62.27

('2', '15.60', '7.80', '13', '9'),
('5', '11.25', '2.25', '13', '35'),
('5', '9.45', '1.89', '13', '36'),
('5', '4.90', '0.98', '13', '34'),
('5', '8.35', '1.67', '13', '30'),
('2', '3.78', '1.89', '13', '41'),
('1', '2.85', '2.85', '13', '27'),
('1', '4.59', '4.59', '13', '65'),
('1', '0.99', '0.99', '13', '13'),
('2', '0.50', '0.25', '13', '60'),

-- Cabaz Id 14 - 160.14

('4', '31.20', '7.80', '14', '9'),
('2', '12.00', '6.00', '14', '6'),
('1', '8.50', '8.50', '14', '10'),
('10', '22.50', '2.25', '14', '35'),
('10', '18.90', '1.89', '14', '36'),
('10', '9.80', '0.98', '14', '34'),
('10', '16.70', '1.67', '14', '30'),
('4', '7.56', '1.89', '14', '41'),
('2', '5.70', '2.85', '14', '27'),
('2', '9.18', '4.59', '14', '65'),
('1', '7.20', '7.2', '14', '53'),
('2', '1.98', '0.99', '14', '13'),
('3', '0.33', '0.11', '14', '61'),
('10', '6.50', '0.65', '14', '58'),
('4', '1.00', '0.25', '14', '60'),
('1', '1.10', '1.10', '14', '64'),

-- Cabaz Id 15 - 181.96

('4', '31.20', '7.80', '15', '9'),
('2', '12.00', '6.00', '15', '6'),
('2', '17.00', '8.50', '15', '10'),
('10', '22.50', '2.25', '15', '35'),
('10', '18.90', '1.89', '15', '36'),
('10', '9.80', '0.98', '15', '34'),
('10', '16.70', '1.67', '15', '30'),
('4', '7.56', '1.89', '15', '41'),
('2', '5.70', '2.85', '15', '27'),
('2', '9.18', '4.59', '15', '65'),
('1', '7.20', '7.2', '15', '53'),
('2', '1.98', '0.99', '15', '13'),
('4', '0.44', '0.11', '15', '61'),
('11', '7.15', '0.65', '15', '58'),
('6', '1.50', '0.25', '15', '60'),
('1', '1.10', '1.10', '15', '64'),
('1', '6.82', '6.82', '15', '24'),
('1', '5.25', '5.25', '15', '56'),

-- Cabaz Id 16 - 62.27

('2', '15.60', '7.80', '16', '9'),
('5', '11.25', '2.25', '16', '35'),
('5', '9.45', '1.89', '16', '36'),
('5', '4.90', '0.98', '16', '34'),
('5', '8.35', '1.67', '16', '30'),
('2', '3.78', '1.89', '16', '41'),
('1', '2.85', '2.85', '16', '27'),
('1', '4.59', '4.59', '16', '65'),
('1', '0.99', '0.99', '16', '13'),
('2', '0.50', '0.25', '16', '60'),

-- Cabaz Id 17 - 160.14

('4', '31.20', '7.80', '17', '9'),
('2', '12.00', '6.00', '17', '6'),
('1', '8.50', '8.50', '17', '10'),
('10', '22.50', '2.25','17', '35'),
('10', '18.90', '1.89', '17', '36'),
('10', '9.80', '0.98', '17', '34'),
('10', '16.70', '1.67', '17', '30'),
('4', '7.56', '1.89', '17', '41'),
('2', '5.70', '2.85', '17', '27'),
('2', '9.18', '4.59', '17', '65'),
('1', '7.20', '7.2', '17', '53'),
('2', '1.98', '0.99', '17', '13'),
('3', '0.33', '0.11', '17', '61'),
('10', '6.50', '0.65', '17', '58'),
('4', '1.00', '0.25', '17', '60'),
('1', '1.10', '1.10', '17', '64'),

-- Cabaz Id 18 - 181.96

('4', '31.20', '7.80', '18', '9'),
('2', '12.00', '6.00', '18', '6'),
('2', '17.00', '8.50', '18', '10'),
('10', '22.50', '2.25', '18', '35'),
('10', '18.90', '1.89', '18', '36'),
('10', '9.80', '0.98', '18', '34'),
('10', '16.70', '1.67', '18', '30'),
('4', '7.56', '1.89', '18', '41'),
('2', '5.70', '2.85', '18', '27'),
('2', '9.18', '4.59', '18', '65'),
('1', '7.20', '7.2', '18', '53'),
('2', '1.98', '0.99', '18', '13'),
('4', '0.44', '0.11', '18', '61'),
('11', '7.15', '0.65', '18', '58'),
('6', '1.50', '0.25', '18', '60'),
('1', '1.10', '1.10', '18', '64'),
('1', '6.82', '6.82', '18', '24'),
('1', '5.25', '5.25', '18', '56'),

-- Cabaz Id 19 - 62.27

('2', '15.60', '7.80', '19', '9'),
('5', '11.25', '2.25', '19', '35'),
('5', '9.45', '1.89', '19', '36'),
('5', '4.90', '0.98', '19', '34'),
('5', '8.35', '1.67', '19', '30'),
('2', '3.78', '1.89', '19', '41'),
('1', '2.85', '2.85', '19', '27'),
('1', '4.59', '4.59', '19', '65'),
('1', '0.99', '0.99', '19', '13'),
('2', '0.50', '0.25', '19', '60'),

-- Cabaz Id 20 - 160.14

('4', '31.20', '7.80', '20', '9'),
('2', '12.00', '6.00', '20', '6'),
('1', '8.50', '8.50', '20', '10'),
('10', '22.50', '2.25', '20', '35'),
('10', '18.90', '1.89', '20', '36'),
('10', '9.80', '0.98', '20', '34'),
('10', '16.70', '1.67', '20', '30'),
('4', '7.56', '1.89', '20', '41'),
('2', '5.70', '2.85', '20', '27'),
('2', '9.18', '4.59', '20', '65'),
('1', '7.20', '7.2', '20', '53'),
('2', '1.98', '0.99', '20', '13'),
('3', '0.33', '0.11', '20', '61'),
('10', '6.50', '0.65', '20', '58'),
('4', '1.00', '0.25', '20', '60'),
('1', '1.10', '1.10', '20', '64');

GO


--SELECT * FROM DetalheCabaz


/***********************************************
Insert Tabela Associar
***********************************************/

INSERT INTO Associar (IdAssociado, IdCliente, Data, Ativo, Motivo) VALUES

('1', '1', '2022-05-01', 'Sim', ''),
('1', '5', '2022-05-09', 'Sim', ''),
('5', '9', '2022-05-18', 'Sim', ''),
('5', '11', '2022-05-22', 'Sim', ''),
('9', '15', '2022-06-10', 'Sim', ''),
('2', '2', '2022-05-05', 'Sim', ''),
('2', '6', '2022-05-13', 'Sim', ''),
('2', '10', '2022-05-20', 'Não', 'Cliente mudou-se para outro distrito'),
('6', '12', '2022-06-03', 'Sim', ''),
('6', '16', '2022-06-10', 'Sim', ''),
('3', '3', '2022-05-06', 'Sim', ''),
('3', '7', '2022-05-13', 'Sim', ''),
('7', '13', '2022-06-04', 'Sim', ''),
('7', '17', '2022-06-15', 'Sim', ''),
('4', '4', '2022-05-08', 'Não', 'Cliente emigrou à trabalho'),
('4', '8', '2022-05-16', 'Sim', ''),
('4', '14', '2022-06-09', 'Sim', ''),
('8', '18', '2022-06-15', 'Sim', ''),
('8', '19', '2022-06-17', 'Não', 'Cliente não tem mais interesse'),
('8', '20', '2022-06-17', 'Sim', '');

GO


--SELECT * FROM Associar




/***********************************************
Insert Tabela Autorizar
***********************************************/

INSERT INTO Autorizar (IdAssociado, IdProduto, Data, IsBlocked) VALUES

('9', '1',  '2021-12-24', 'Não'),
('1', '2',  '2021-12-30', 'Não'),
('5', '3',  '2021-11-28', 'Não'),
('5', '4',  '2021-11-27', 'Não'),
('9', '5',  '2021-11-02', 'Não'),
('9', '6',  '2021-12-02', 'Não'),
('1', '7',  '2021-12-16', 'Não'),
('2', '8',  '2021-12-26', 'Não'),
('2', '9',  '2021-11-11', 'Não'),
('2', '10', '2021-12-26', 'Não'),
('2', '11', '2021-12-01', 'Sim'),
('2', '12', '2021-11-07', 'Sim'),
('7', '13', '2021-11-18', 'Não'),
('7', '14', '2021-12-17', 'Não'),
('7', '15', '2021-12-11', 'Não'),
('7', '16', '2021-12-08', 'Não'),
('7', '17', '2021-12-05', 'Não'),
('7', '18', '2021-12-12', 'Não'),
('7', '19', '2021-11-23', 'Não'),
('3', '20', '2021-12-10', 'Não'),
('3', '21', '2021-12-10', 'Não'),
('3', '22', '2021-12-06', 'Não'),
('3', '23', '2021-12-01', 'Não'),
('3', '24', '2021-12-20', 'Não'),
('3', '25', '2021-11-03', 'Não'),
('3', '26', '2021-11-14', 'Não'),
('8', '27', '2021-11-14', 'Não'),
('8', '28', '2021-11-14', 'Não'),
('8', '29', '2021-11-15', 'Não'),
('8', '30', '2021-11-24', 'Não'),
('8', '31', '2021-11-19', 'Não'),
('8', '32', '2021-11-27', 'Não'),
('8', '33', '2021-12-19', 'Não'),
('8', '34', '2021-12-06', 'Não'),
('3', '35', '2021-12-20', 'Não'),
('3', '36', '2021-11-20', 'Não'),
('7', '37', '2021-11-12', 'Não'),
('3', '38', '2021-12-16', 'Não'),
('7', '39', '2021-12-04', 'Não'),
('3', '40', '2021-11-01', 'Sim'),
('4', '41', '2021-12-19', 'Não'),
('4', '42', '2021-11-27', 'Não'),
('4', '43', '2021-12-03', 'Não'),
('4', '44', '2021-11-06', 'Não'),
('4', '45', '2021-11-18', 'Não'),
('4', '46', '2021-12-27', 'Não'),
('4', '47', '2021-11-01', 'Não'),
('6', '48', '2021-11-16', 'Sim'),
('6', '49', '2021-11-28', 'Sim'),
('6', '50', '2021-12-07', 'Não'),
('6', '51', '2021-11-01', 'Não'),
('6', '52', '2021-12-28', 'Não'),
('6', '53', '2021-12-30', 'Não'),
('2', '54', '2021-11-30', 'Não'),
('6', '55', '2021-11-18', 'Não'),
('2', '56', '2021-11-22', 'Não'),
('5', '57', '2021-12-25', 'Não'),
('5', '58', '2021-11-26', 'Não'),
('9', '59', '2021-12-01', 'Não'),
('1', '60', '2021-11-20', 'Não'),
('1', '61', '2021-12-01', 'Não'),
('9', '62', '2021-12-04', 'Não'),
('5', '63', '2021-11-11', 'Não'),
('1', '64', '2021-12-07', 'Não'),
('7', '65', '2021-11-16', 'Não'),
('3', '66', '2021-12-09', 'Não'),
-- 2º cadastro em Cooperativa / Associado diferente.
('1', '1',  '2021-12-10', 'Não'),
('9', '2',  '2021-11-19', 'Não'),
('9', '3',  '2021-11-01', 'Não'),
('1', '4',  '2021-12-07', 'Não'),
('5', '5',  '2021-11-11', 'Não'),
('1', '6',  '2021-11-17', 'Não'),
('9', '7',  '2021-11-05', 'Não'),
('6', '8',  '2021-12-02', 'Não'),
('6', '9',  '2021-12-25', 'Não'),
('6', '10', '2021-11-18', 'Não'),
('6', '11', '2021-11-11', 'Sim'),
('6', '12', '2021-11-18', 'Sim'),
('3', '13', '2021-12-29', 'Não'),
('3', '14', '2021-11-23', 'Não'),
('3', '15', '2021-11-09', 'Não'),
('3', '16', '2021-11-04', 'Não'),
('3', '17', '2021-12-08', 'Não'),
('3', '18', '2021-11-22', 'Não'),
('3', '19', '2021-11-24', 'Não'),
('7', '20', '2021-11-24', 'Não'),
('7', '21', '2021-12-11', 'Não'),
('7', '22', '2021-11-21', 'Não'),
('7', '23', '2021-12-02', 'Não'),
('7', '24', '2021-12-20', 'Não'),
('7', '25', '2021-11-22', 'Não'),
('7', '26', '2021-11-20', 'Não'),
('4', '27', '2021-12-29', 'Não'),
('4', '28', '2021-11-28', 'Não'),
('4', '29', '2021-12-11', 'Não'),
('4', '30', '2021-12-05', 'Não'),
('4', '31', '2021-11-07', 'Não'),
('4', '32', '2021-11-25', 'Não'),
('4', '33', '2021-11-18', 'Não'),
('4', '34', '2021-11-30', 'Não'),
('7', '35', '2021-12-12', 'Não'),
('7', '36', '2021-12-24', 'Não'),
('3', '37', '2021-11-14', 'Não'),
('7', '38', '2021-11-30', 'Não'),
('3', '39', '2021-11-07', 'Não'),
('7', '40', '2021-11-18', 'Sim'),
('8', '41', '2021-12-10', 'Não'),
('8', '42', '2021-12-07', 'Não'),
('8', '43', '2021-11-30', 'Não'),
('8', '44', '2021-11-30', 'Não'),
('8', '45', '2021-11-29', 'Não'),
('8', '46', '2021-11-04', 'Não'),
('8', '47', '2021-12-10', 'Não'),
('2', '48', '2021-12-02', 'Sim'),
('2', '49', '2021-11-15', 'Sim'),
('2', '50', '2021-12-18', 'Não'),
('2', '51', '2021-11-20', 'Não'),
('2', '52', '2021-12-22', 'Não'),
('2', '53', '2021-11-08', 'Não'),
('6', '54', '2021-12-10', 'Não'),
('2', '55', '2021-12-04', 'Não'),
('6', '56', '2021-12-09', 'Não'),
('9', '57', '2021-12-13', 'Não'),
('1', '58', '2021-12-20', 'Não'),
('5', '59', '2021-11-14', 'Não'),
('5', '60', '2021-12-20', 'Não'),
('9', '61', '2021-11-20', 'Não'),
('1', '62', '2021-12-18', 'Não'),
('9', '63', '2021-12-09', 'Não'),
('5', '64', '2021-11-30', 'Não'),
('3', '65', '2021-11-07', 'Não'),
('7', '66', '2021-12-02', 'Não'),
-- 3º cadastro em Cooperativa / Associado diferente.
('5', '1',  '2021-12-24', 'Não'),
('5', '2',  '2021-12-30', 'Não'),
('1', '3',  '2021-11-28', 'Não'),
('9', '4',  '2021-11-27', 'Não'),
('1', '5',  '2021-11-02', 'Não'),
('5', '6',  '2021-12-02', 'Não'),
('5', '7',  '2021-12-16', 'Não'),
('1', '57', '2021-12-25', 'Não'),
('9', '58', '2021-11-26', 'Não'),
('1', '59', '2021-12-01', 'Não'),
('9', '60', '2021-11-20', 'Não'),
('5', '61', '2021-12-01', 'Não'),
('5', '62', '2021-12-04', 'Não'),
('1', '63', '2021-11-11', 'Não'),
('9', '64', '2021-12-07', 'Não');


GO


--SELECT * FROM Autorizar



/***********************************************
Insert Tabela Subscrever
***********************************************/

INSERT INTO Subscrever (IdCliente, CodigoPlano, Data) VALUES

('1 ', '1', '2022-05-01'),
('2 ', '2', '2022-05-05'),
('3 ', '4', '2022-05-06'),
('4 ', '1', '2022-05-08'),
('5 ', '2', '2022-05-09'),
('6 ', '4', '2022-05-13'),
('7 ', '1', '2022-05-13'),
('8 ', '2', '2022-05-16'),
('9 ', '4', '2022-05-18'),
('10', '1', '2022-05-20'),
('11', '2', '2022-05-22'),
('12', '4', '2022-06-03'),
('13', '1', '2022-06-04'),
('14', '2', '2022-07-09'),
('15', '4', '2022-07-10'),
('16', '1', '2022-07-18'),
('17', '2', '2022-07-19'),
('18', '4', '2022-07-22'),
('19', '1', '2022-08-01'),
('20', '2', '2022-08-05');


GO


--SELECT * FROM Subscrever



/***********************************************
Insert Tabela TelefoneCliente
***********************************************/

INSERT INTO TelefoneCliente (IdCliente, Telefone) VALUES

	   
('1', '(607) 501-2098'),
('1', '(281) 437-3635'),
('2', '(883) 499-3402'),
('3', '(129) 973-5069'),
('4', '(501) 379-4164'),
('5', '(838) 533-7946'),
('6', '(784) 259-8167'),
('6', '(298) 357-4024'),
('7', '(433) 256-5902'),
('8', '(198) 477-7904'),
('9', '(894) 159-3648'),
('10', '(493) 550-4435'),
('10', '(594) 464-5008'),
('11', '(562) 827-8693'),
('12', '(906) 864-9831'),
('13', '(910) 445-1058'),
('14', '(173) 311-4655'),
('14', '(657) 525-8632'),
('15', '(695) 318-0692'),
('16', '(405) 870-8000'),
('17', '(658) 735-0926'),
('17', '(503) 970-4262'),
('17', '(399) 838-0919'),
('18', '(646) 931-3355'),
('19', '(435) 996-6202'),
('19', '(456) 149-0094'),
('20', '(979) 557-7617'),
('20', '(819) 144-9785'),
('5', '(104) 806-5043'),
('2', '(427) 438-9982');


GO


--SELECT * FROM TelefoneCliente




/***********************************************
Insert Tabela Referir
***********************************************/

INSERT INTO Referir (IdCategoria, IdParentCategoria) VALUES

('1', null),
('2', 1),
('3', 1),
('4', 1),
('5', 1),
('6', null),
('7', 6),
('8', null),
('9', null),
('10', null),
('11', null),
('12', null),
('13', null),
('14', null),
('15', null);


GO

--SELECT * FROM Referir
